,table1,col1,table2,col2,sim_score
0,Liu2014-14,Revert,Jones2008-13,Revert,0.20920708100740723
1,Yang2017-01,Vandalism,Pfeil2006-12,Vandalism,0.1746066575508236
